id;left;kwic;right
"1";"Byl/být/VpMS----R-AAI-- jsem/být/VB-S---1P-AAI-- hudebník/hudebník/NNMS1-----A---- a/a/J^------------- pro/pro/RR--4---------- hudbu/hudba/NNFS4-----A---- jako/jako/J,------------- takovou/takový/PDFS4---------- jsem/být/VB-S---1P-AAI--";"choval/chovat/VpMS----R-AAI-- velkou/velký/AAFS4----1A---- vášeň/vášeň/NNFS4-----A----";"vždy/vždy/Db------------- ././Z:-------------"
"2";"Sám/sám/PLMS1---------- Foldyna/Foldyna/NNMS1-----A---- ,/,/Z:------------- který/který/P4MS1---------- se/se/P7--4----------";"chová/chovat/VB-S---3P-AAI-- pragmaticky/pragmaticky/Dg-------1A---- ,/,/Z:------------- začíná/začínat/VB-S---3P-AAI-- klidnit/klidnit/Vf--------A-I-- vášně/vášeň/NNFP4-----A----";"././Z:-------------"
"3";"Drobná/drobný/AAFS1----1A---- ,/,/Z:------------- nakrátko/nakrátko/Db------------- ostříhaná/ostříhaný/AAFS1----1A---- tmavovláska/tmavovláska/NNFS1-----A----";"chová/chovat/VB-S---3P-AAI-- pro/pro/RR--4---------- nakládané/nakládaný/AAFP4----1A---- speciality/specialita/NNFP4-----A---- k/k/RR--3---------- pivu/pivo/NNNS3-----A---- letitou/letitý/AAFS4----1A---- vášeň/vášeň/NNFS4-----A----";"a/a/J^------------- ta/ten/PDFS1---------- jí/on/PPFS3--3------- prorůstá/prorůstat/VB-S---3P-AAI-- i/i/J^------------- do/do/RR--2---------- pracovního/pracovní/AAIS2----1A---- života/život/NNIS2-----A---- ././Z:-------------"
"4";"Dvanáctiletá/dvanáctiletý/AAFS1----1A---- Robin/Robin/NNFS1-----A---- se/se/P7--4----------";"chová/chovat/VB-S---3P-AAI-- spíš/spíš/TT------------- jako/jako/J,------------- kluk/kluk/NNMS1-----A---- ,/,/Z:------------- přátelí/přátelit/VB-S---3P-AAI-- se/se/P7--4---------- pouze/pouze/Db------------- s/s/RR--7---------- několika/několik/Ca--7---------- spolužáky/spolužák/NNMP7-----A---- a/a/J^------------- s/s/RR--7---------- nimi/oni/P5MP7--3------- sdílí/sdílet/VB-S---3P-AAI-- jednu/jeden/ClFS4---------- velkou/velký/AAFS4----1A---- vášeň/vášeň/NNFS4-----A----";"-/-/Z:------------- hiphopový/hiphopový/AAIS4----1A---- tanec/tanec/NNIS4-----A---- ././Z:-------------"
"5";"Smysl/smysl/NNIS4-----A---- této/tento/PDFS2---------- tajemné/tajemný/AAFS2----1A---- věty/věta/NNFS2-----A---- mi/já/PH-S3--1------- museli/muset/VpMP----R-AAI-- vysvětlit/vysvětlit/Vf--------A-P-- ,/,/Z:------------- neboť/neboť/J^------------- jsem/být/VB-S---1P-AAI--";"choval/chovat/VpMS----R-AAI-- velikou/veliký/AAFS4----1A---- vášeň/vášeň/NNFS4-----A----";"pro/pro/RR--4---------- slova/slovo/NNNP4-----A---- .../.../Z:-------------"
"6";"""/""/Z:------------- Mohla/moci/VpFS----R-AAI--";"chovat/chovat/Vf--------A-I-- tajnou/tajný/AAFS4----1A---- vášeň/vášeň/NNFS4-----A----";"k/k/RR--3---------- doktoru/doktor/NNMS3-----A---1 Bradshawovi/Bradshaw/NNMS3-----A---- a/a/J^------------- po/po/RR--6---------- jeho/jeho/PSFS6-S3------- smrti/smrt/NNFS6-----A---- ji/on/PPFS4--3------- přemohl/přemoci/VpIS----R-AAP-- žal/žal/NNIS1-----A---- ././Z:-------------"
"7";"Dokázal/dokázat/VpMS----R-AAP-- být/být/Vf--------A-I-- i/i/J^------------- něžný/něžný/AAMS1----1A---- a/a/J^------------- taky/také/Db------------- se/se/P7--4---------- tak/tak/Db------------- při/při/RR--6---------- milování/milování/NNNS6-----A----";"choval/chovat/VpMS----R-AAI-- ,/,/Z:------------- a/a/J^------------- přitom/přitom/Db------------- na/na/RR--4---------- vášeň/vášeň/NNFS4-----A----";"odpovídal/odpovídat/VpMS----R-AAI-- vášní/vášeň/NNFS7-----A---- ,/,/Z:------------- což/co/PE--4---------- Gwen/Gwen/NNFS1-----A---- už/už/Db------------- poznala/poznat/VpFS----R-AAP-- ././Z:-------------"
"8";"Vidím/vidět/VB-S---1P-AAI-- ,/,/Z:------------- jak/jak/Db------------- se/se/P7--4----------";"chovají/chovat/VB-P---3P-AAI-- ,/,/Z:------------- jestli/jestli/J,------------- je/oni/PPMP4--3------- to/ten/PDNS1---------- zajímá/zajímat/VB-S---3P-AAI-- ,/,/Z:------------- jestli/jestli/J,------------- mají/mít/VB-P---3P-AAI-- pro/pro/RR--4---------- vaření/vaření/NNNS4-----A---- vášeň/vášeň/NNFS4-----A----";",/,/Z:------------- co/co/PQ--4---------- si/se/P7--3---------- přejí/přát/VB-P---3P-AAI-1 dělat/dělat/Vf--------A-I-- v/v/RR--6---------- životě/život/NNIS6-----A---- ././Z:-------------"
"9";"Je/být/VB-S---3P-AAI-- zřejmé/zřejmý/AANS1----1A---- ,/,/Z:------------- jakou/jaký/P4FS7---------- k/k/RR--3---------- ní/on/P5FS3--3-------";"chová/chovat/VB-S---3P-AAI-- vášeň/vášeň/NNFS4-----A----";"././Z:------------- “/""/Z:-------------"
"10";"Princ/Princ/NNMS1-----A----";"choval/chovat/VpMS----R-AAI-- vášeň/vášeň/NNFS4-----A----";"pro/pro/RR--4---------- psy/pes/NNMP4-----A---- ,/,/Z:------------- jichž/jenž/PJMP2---------- měl/mít/VpMS----R-AAI-- pět/pět/Cn-S4---------- stovek/stovka/NNFP2-----A---- ././Z:-------------"
"11";"Hairspray/Hairspray/X@------------- Středoškolačka/středoškolačka/NNFS1-----A---- Tracey/Tracey/NNMS1-----A---- sice/sice/J^------------- narostla/narůst/VpFS----R-AAP-- do/do/RR--2---------- nebývalých/nebývalý/AAIP2----1A---- rozměrů/rozměr/NNIP2-----A---- ,/,/Z:------------- ale/ale/J^------------- i/i/J^------------- tak/tak/Db------------- ve/v/RV--6---------- svém/svůj/P8NS6---------- velkém/velký/AANS6----1A---- srdci/srdce/NNNS6-----A----";"chová/chovat/VB-S---3P-AAI-- pouze/pouze/Db------------- jednu/jeden/ClFS4---------- jedinou/jediný/AAFS4----1A---- vášeň/vášeň/NNFS4-----A----";"-/-/Z:------------- tanec/tanec/NNIS4-----A---- ././Z:-------------"
"12";"Je/být/VB-S---3P-AAI-- tak/tak/Db------------- dobře/dobře/Dg-------1A---- možné/možný/AANS1----1A---- ,/,/Z:------------- že/že/J,------------- vedle/vedle/RR--2---------- lásky/láska/NNFS2-----A---- ke/k/RV--3---------- zbraním/zbraň/NNFP3-----A----";"chová/chovat/VB-S---3P-AAI-- první/první/CrFS1---------- dáma/dáma/NNFS1-----A---- velkou/velký/AAFS4----1A---- vášeň/vášeň/NNFS4-----A----";"i/i/J^------------- ke/k/RV--3---------- květinám/květina/NNFP3-----A---- ././Z:-------------"
"13";"K/k/RR--3---------- planetě/planeta/NNFS3-----A---- bychom/být/Vc-P---1----I-- se/se/P7--4---------- měli/mít/VpMP----R-AAI-- podle/podle/RR--2---------- autorky/autorka/NNFS2-----A----";"chovat/chovat/Vf--------A-I-- s/s/RR--7---------- úctou/úcta/NNFS7-----A---- a/a/J^------------- kultivovat/kultivovat/Vf--------A-I-- své/svůj/P8FP4---------1 vášně/vášeň/NNFP4-----A----";"v/v/RR--6---------- souladu/soulad/NNIS6-----A---- s/s/RR--7---------- veškerenstvem/veškerenstvo/NNNS7-----A---- ././Z:-------------"
"14";"Oba/oba/ClMP1---------- se/se/P7--4---------- snaží/snažit/VB-P---3P-AAI--";"chovat/chovat/Vf--------A-I-- ve/v/RV--6---------- společnosti/společnost/NNFS6-----A---- diskrétně/diskrétně/Dg-------1A---- ,/,/Z:------------- ale/ale/J^------------- když/když/J,------------- jsou/být/VB-P---3P-AAI-- jen/jen/Db------------- se/s/RV--7---------- svými/svůj/P8MP7---------- přáteli/přítel/NNMP7-----A---- ,/,/Z:------------- jen/jen/Db------------- těžko/těžko/Dg-------1A---- ovládají/ovládat/VB-P---3P-AAI-- svoje/svůj/P8FP4---------- vášně/vášeň/NNFP4-----A----";",/,/Z:------------- ""/""/Z:------------- řekl/říci/VpIS----R-AAP-- zdroj/zdroj/NNIS1-----A---- z/z/RR--2---------- okolí/okolí/NNNS2-----A---- páru/pár/NNIS2-----A---- listu/list/NNIS2-----A---- Daily/Daily/F%------------- Mirror/Mirror/NNIS1-----A---- ././Z:-------------"
"15";"Eduard/Eduard/NNMS1-----A----";"choval/chovat/VpMS----R-AAI-- pro/pro/RR--4---------- psychologii/psychologie/NNFS4-----A---- stejnou/stejný/AAFS4----1A---- vášeň/vášeň/NNFS4-----A----";",/,/Z:------------- jakou/jaký/P4FS4---------- projevovala/projevovat/VpFS----R-AAI-- v/v/RR--6---------- jeho/jeho/PSIS6-S3------- věku/věk/NNIS6-----A---- i/i/J^------------- jeho/jeho/PSFS1-S3------- matka/matka/NNFS1-----A---- ,/,/Z:------------- a/a/J^------------- již/již/Db------------- v/v/RR--6---------- patnácti/patnáct/Cn-P6---------- letech/rok/NNNP6-----A---- objasňoval/objasňovat/VpMS----R-AAI-- svým/svůj/P8MP3---------- přátelům/přítel/NNMP3-----A---- Freudovu/Freudův/AUFS4M--------- teorii/teorie/NNFS4-----A---- ././Z:-------------"
"16";"Britská/britský/AAFS1----1A---- autorka/autorka/NNFS1-----A----";"chovala/chovat/VpFS----R-AAI-- pro/pro/RR--4---------- jedy/jed/NNIP4-----A---- velkou/velký/AAFS4----1A---- vášeň/vášeň/NNFS4-----A----";"././Z:-------------"
"17";"věděli/vědět/VpMP----R-AAI-- o/o/RR--6---------- brýlích/brýle/NNFP6-----A---- ,/,/Z:------------- které/který/P4FP4---------- jí/on/PPFS3--3------- paní/paní/NNFS1-----A---- Goethová/Goethová/X@------------- shodila/shodit/VpFS----R-AAP-- na/na/RR--4---------- zem/země/NNFS4-----A---- ,/,/Z:------------- a/a/J^------------- o/o/RR--6---------- tom/ten/PDNS6---------- ,/,/Z:------------- že/že/J,------------- tehdy/tehdy/Db------------- Goethe/Goethe/NNMS1-----A---- hanebně/hanebně/Dg-------1A---- zradil/zradit/VpMS----R-AAP-- milující/milující/AGNS4-----A---- dítě/dítě/NNNS4-----A---- ve/v/RV--4---------- prospěch/prospěch/NNIS4-----A---- vzteklého/vzteklý/AANS2----1A---- jelita/jelito/NNNS2-----A---- ,/,/Z:------------- je/být/VB-S---3P-AAI-- ta/ten/PDFS1---------- kniha/kniha/NNFS1-----A---- zároveň/zároveň/Db------------- (/(/Z:------------- a/a/J^------------- mnohem/mnohem/Db------------- víc/hodně/Dg-------2A---- )/)/Z:------------- lekcí/lekce/NNFP2-----A---- lásky/láska/NNFS2-----A---- udělenou/udělený/AAFS7----1A---- mrtvému/mrtvý/AAMS3----1A---- básníkovi/básník/NNMS3-----A---- ,/,/Z:------------- který/který/P4MS1---------- se/se/P7--4---------- tváří/tvář/NNFS7-----A---- v/v/RR--4---------- tvář/tvář/NNFS4-----A---- velikému/veliký/AAIS3----1A---- citu/cit/NNIS3-----A----";"choval/chovat/VpMS----R-AAI-- jako/jako/J,------------- zbabělý/zbabělý/AAMS1----1A---- šosák/šosák/NNMS1-----A---- a/a/J^------------- obětoval/obětovat/VpMS----R-AAB-- vášeň/vášeň/NNFS4-----A----";"mizernému/mizerný/AAIS3----1A---- klidu/klid/NNIS3-----A---- manželství/manželství/NNNS2-----A---- ././Z:-------------"
"18";"Estét/estét/NNMS1-----A---- se/se/P7--4---------- vyhýbá/vyhýbat/VB-S---3P-AAI-- opravdové/opravdový/AAFS3----1A---- vášni/vášeň/NNFS3-----A---- ,/,/Z:------------- která/který/P4FS1---------- dokáže/dokázat/VB-S---3P-AAP-- jedince/jedinec/NNMS4-----A---- zotročit/zotročit/Vf--------A-P-- ;/;/Z:------------- místo/místo/RR--2---------- toho/ten/PDNS2---------- se/se/P7--4----------";"chová/chovat/VB-S---3P-AAI-- ,/,/Z:------------- jako/jako/J,------------- by/být/Vc----------I-- vášnivý/vášnivý/AAMS1----1A---- byl/být/VpMS----R-AAI-- ,/,/Z:------------- hraje/hrát/VB-S---3P-AAI-- si/se/P7--3---------- na/na/RR--4---------- vášeň/vášeň/NNFS4-----A----";"././Z:-------------"
"19";"Ani/ani/J^------------- letopisy/letopis/NNIP1-----A---- obce/obec/NNFS2-----A---- srovnané/srovnaný/AAIP1----1A---- se/s/RV--7---------- zemí/země/NNFS7-----A---- nacisty/nacista/NNMP7-----A---- se/se/P7--4----------";"nechovají/chovat/VB-P---3P-NAI-- ""/""/Z:------------- jaksepatří/jaksepatří/Db------------- ""/""/Z:------------- ,/,/Z:------------- neboť/neboť/J^------------- mají/mít/VB-P---3P-AAI-- štěstí/štěstí/NNNS4-----A---- na/na/RR--4---------- silné/silný/AAFP4----1A---- osobnosti/osobnost/NNFP4-----A---- i/i/J^------------- mocné/mocný/AAFP4----1A---- vášně/vášeň/NNFP4-----A----";"././Z:-------------"
"20";"";"Chovali/chovat/VpMP----R-AAI-- společnou/společný/AAFS4----1A---- vášeň/vášeň/NNFS4-----A----";"pro/pro/RR--4---------- býčí/býčí/AAIP4----1A---- zápasy/zápas/NNIP4-----A---- ././Z:-------------"
"21";"Koller/Koller/NNMS1-----A---- však/však/J^------------- není/být/VB-S---3P-NAI-- pouze/pouze/Db------------- střelec/střelec/NNMS1-----A---- ,/,/Z:-------------";"nechová/chovat/VB-S---3P-NAI-- se/se/P7--4---------- jako/jako/J,------------- sobec/sobec/NNMS1-----A---- ,/,/Z:------------- který/který/P4MS1---------- by/být/Vc----------I-- měl/mít/VpMS----R-AAI-- střílení/střílení/NNNS4-----A---- gólů/gól/NNIP2-----A---- za/za/RR--4---------- životní/životní/AAFS4----1A---- vášeň/vášeň/NNFS4-----A----";"././Z:-------------"
"22";"";"Chováte/chovat/VB-P---2P-AAI-- pro/pro/RR--4---------- něco/něco/PZ--4---------- vášeň/vášeň/NNFS4-----A----";"?/?/Z:-------------"
"23";"Středoškolačka/středoškolačka/NNFS1-----A---- Tracey/Tracey/NNMS1-----A---- sice/sice/J^------------- narostla/narůst/VpFS----R-AAP-- do/do/RR--2---------- nebývalých/nebývalý/AAIP2----1A---- rozměrů/rozměr/NNIP2-----A---- ,/,/Z:------------- ale/ale/J^------------- i/i/J^------------- tak/tak/Db------------- ve/v/RV--6---------- svém/svůj/P8NS6---------- velkém/velký/AANS6----1A---- srdci/srdce/NNNS6-----A----";"chová/chovat/VB-S---3P-AAI-- pouze/pouze/Db------------- jednu/jeden/ClFS4---------- jedinou/jediný/AAFS4----1A---- vášeň/vášeň/NNFS4-----A----";"-/-/Z:------------- tanec/tanec/NNIS4-----A---- ././Z:-------------"
"24";"";"Chovat/chovat/Vf--------A-I-- v/v/RR--6---------- jezírku/jezírko/NNNS6-----A---- vlastní/vlastní/AAFP4----1A---- rybky/rybka/NNFS2-----A---- ,/,/Z:------------- mnohem/mnohem/Db------------- větší/velký/AAFP4----2A---- ,/,/Z:------------- než/než/J,------------- jsou/být/VB-P---3P-AAI-- v/v/RR--6---------- akváriu/akvárium/NNNS6-----A---- ,/,/Z:------------- je/být/VB-S---3P-AAI-- jednak/jednak/J^------------- v/v/RR--6---------- módě/móda/NNFS6-----A---- a/a/J^------------- jednak/jednak/J^------------- se/se/P7--4---------- tato/tento/PDFS1---------- záliba/záliba/NNFS1-----A---- snadno/snadno/Dg-------1A---- změní/změnit/VB-S---3P-AAP-- v/v/RR--4---------- chovatelskou/chovatelský/AAFS4----1A---- vášeň/vášeň/NNFS4-----A----";"././Z:-------------"
"25";"Tomáš/Tomáš/NNMS1-----A---- Tyc/Tyc/NNMS1-----A---- Mladý/mladý/AAMS1----1A---- profesor/profesor/NNMS1-----A----";"chová/chovat/VB-S---3P-AAI-- k/k/RR--3---------- vědě/věda/NNFS3-----A---- vášeň/vášeň/NNFS4-----A----";"././Z:-------------"
"26";"Obě/oba/ClFP1---------- ženy/žena/NNFP1-----A---- se/se/P7--4----------";"chovají/chovat/VB-P---3P-AAI-- zdrženlivě/zdrženlivě/Dg-------1A---- ,/,/Z:------------- jediná/jediný/AAFS1----1A---- vášnivější/vášnivý/AAFS1----2A---- scéna/scéna/NNFS1-----A---- nestačí/stačit/VB-S---3P-NAI-- k/k/RR--3---------- tomu/ten/PDNS3---------- ,/,/Z:------------- aby/aby|být/J,-------------|Vc----------I-- s/s/RR--7---------- nimi/oni/P5FP7--3------- diváci/divák/NNMP1-----A---- jejich/jejich/PSFS4-P3------- vzájemnou/vzájemný/AAFS4----1A---- vášeň/vášeň/NNFS4-----A----";"procítili/procítit/VpMP----R-AAP-- ././Z:-------------"
"27";"Nechce/chtít/VB-S---3P-NAI-- se/se/P7--4----------";"chovat/chovat/Vf--------A-I-- tak/tak/Db------------- ,/,/Z:------------- jak/jak/Db------------- se/se/P7--4---------- to/ten/PDNS1---------- od/od/RR--2---------- ní/on/P5FS2--3------- očekává/očekávat/VB-S---3P-AAI-- ,/,/Z:------------- prahne/prahnout/VB-S---3P-AAI-- po/po/RR--6---------- nebezpečí/nebezpečí/NNNS6-----A---- a/a/J^------------- po/po/RR--6---------- dobrodružství/dobrodružství/NNNS6-----A---- ,/,/Z:------------- chce/chtít/VB-S---3P-AAI-- cítit/cítit/Vf--------A-I-- jeho/jeho/PSFS4-S3------- syrovou/syrový/AAFS4----1A---- sílu/síla/NNFS4-----A---- a/a/J^------------- nezkrocenou/zkrocený/AAFS4----1N---- vášeň/vášeň/NNFS4-----A----";"././Z:-------------"
"28";"První/první/CrMS1---------- místopředseda/místopředseda/NNMS1-----A---- Jiří/Jiří/NNMS1-----A---- Zimola/Zimola/NNMS1-----A---- ,/,/Z:------------- který/který/P4MS1---------- se/se/P7--4---------- k/k/RR--3---------- Hamáčkovi/Hamáček/NNMS3-----A---- před/před/RR--7---------- volbami/volba/NNFP7-----A---- jako/jako/J,------------- představitel/představitel/NNMS1-----A---- platformy/platforma/NNFS2-----A---- „/""/Z:------------- Zachraňme/zachránit/Vi-P---1--A-P-- ČSSD/ČSSD/BN------------- “/""/Z:-------------";"nechoval/chovat/VpMS----R-NAI-- zrovna/zrovna/Db------------- loajálně/loajálně/Dg-------1A---- ,/,/Z:------------- se/se/P7--4---------- překvapivě/překvapivě/Dg-------1A---- pokouší/pokoušet/VB-S---3P-AAI-- mírnit/mírnit/Vf--------A-I-- vášně/vášeň/NNFP4-----A----";"././Z:-------------"
"29";"Králíky/Králík/NNMP4-----A----";"chová/chovat/VB-S---3P-AAI-- už/už/Db------------- od/od/RR--2---------- patnácti/patnáct/Cn-P2---------- let/rok/NNNP2-----A---- a/a/J^------------- svoji/svůj/P8FS4---------- vášeň/vášeň/NNFS4-----A----";"podědil/podědit/VpMS----R-AAP-- po/po/RR--6---------- dědovi/děda/NNMS6-----A---- ././Z:-------------"
"30";"""/""/Z:------------- Viděl/vidět/VpMS----R-AAI-- teď/teď/Db------------- naprosto/naprosto/Db------------- jasně/jasně/Dg-------1A---- ,/,/Z:------------- že/že/J,------------- venku/venku/Db------------- se/se/P7--4---------- lidi/člověk/NNMP1-----A---1";"chovají/chovat/VB-P---3P-AAI-- jinak/jinak/Db------------- ,/,/Z:------------- protože/protože/J,------------- se/se/P7--4---------- stalo/stát/VpNS----R-AAP-- něco/něco/PZ--1---------- ,/,/Z:------------- co/co/PQ--1---------- v/v/RR--6---------- nich/oni/P5MP6--3------- uvolnilo/uvolnit/VpNS----R-AAP-- doposud/doposud/Db------------- potlačené/potlačený/AAIP4----1A---- city/cit/NNIP4-----A---- ,/,/Z:------------- touhy/touha/NNFP4-----A---- ,/,/Z:------------- vášně/vášeň/NNFP4-----A----";",/,/Z:------------- náhle/náhle/Dg-------1A---- se/se/P7--4---------- uvolnila/uvolnit/VpFS----R-AAP-- hráz/hráz/NNFS1-----A---- jejich/jejich/PSFS2-P3------- nenávisti/nenávist/NNFS2-----A---- ,/,/Z:------------- která/který/P4FS1---------- se/se/P7--4---------- stala/stát/VpFS----R-AAP-- reálnou/reálný/AAFS7----1A---- věcí/věc/NNFS7-----A---- ././Z:------------- ""/""/Z:-------------"
"31";"";"Chováte/chovat/VB-P---2P-AAI-- pro/pro/RR--4---------- ně/oni/P5MP4--3------- stejnou/stejný/AAFS4----1A---- vášeň/vášeň/NNFS4-----A----";"jako/jako/J,------------- pro/pro/RR--4---------- ty/ten/PDMP4---------- klasické/klasický/AAMP4----1A---- ?/?/Z:-------------"
"32";"Tak/tak/Db------------- se/se/P7--4---------- dozvídáme/dozvídat/VB-P---1P-AAI-- ,/,/Z:------------- že/že/J,------------- Magor/magor/NNMS1-----A---- Jirous/Jirous/NNMS1-----A---- byl/být/VpMS----R-AAI-- posedlý/posedlý/AAMS1----1A---- tříděním/třídění/NNNS7-----A---- odpadu/odpad/NNIS2-----A---- a/a/J^------------- rozděláváním/rozdělávání/NNNS7-----A---- ohňů/oheň/NNIP2-----A---- ,/,/Z:------------- že/že/J,------------- výtečně/výtečně/Dg-------1A---- vařil/vařit/VpMS----R-AAI-- ,/,/Z:------------- mlátil/mlátit/VpMS----R-AAI-- chlapy/chlap/NNMP4-----A---- i/i/J^------------- ženské/ženská/NNFP4-----A---- bez/bez/RR--2---------- rozdílu/rozdíl/NNIS2-----A---- ,/,/Z:------------- dělal/dělat/VpMS----R-AAI-- bordel/bordel/NNIS4-----A---- na/na/RR--4---------- mnoho/mnoho/Ca--4---------- způsobů/způsob/NNIP2-----A---- ,/,/Z:------------- uklízel/uklízet/VpMS----R-AAI-- (/(/Z:------------- hlavně/hlavně/Dg-------1A---- u/u/RR--2---------- cizích/cizí/AAMP2----1A---- )/)/Z:------------- a/a/J^-------------";"choval/chovat/VpMS----R-AAI-- vášeň/vášeň/NNFS4-----A----";"pro/pro/RR--4---------- mytí/mytí/NNNS4-----A---- nádobí/nádobí/NNNS2-----A---- ././Z:-------------"
"33";"Středoškolačka/středoškolačka/NNFS1-----A---- Tracey/Tracey/NNMS1-----A---- sice/sice/J^------------- narostla/narůst/VpFS----R-AAP-- do/do/RR--2---------- nebývalých/nebývalý/AAIP2----1A---- rozměrů/rozměr/NNIP2-----A---- ,/,/Z:------------- ale/ale/J^------------- i/i/J^------------- tak/tak/Db------------- ve/v/RV--6---------- svém/svůj/P8NS6---------- srdci/srdce/NNNS6-----A----";"chová/chovat/VB-S---3P-AAI-- pouze/pouze/Db------------- jednu/jeden/ClFS4---------- jedinou/jediný/AAFS4----1A---- vášeň/vášeň/NNFS4-----A----";"-/-/Z:------------- tanec/tanec/NNIS4-----A---- ././Z:-------------"
"34";"Jak/jak/Db------------- jste/být/VB-P---2P-AAI-- se/se/P7--4---------- se/s/RV--7---------- Zdenou/Zdena/NNFS7-----A---- Studénkovou/Studénková/NNFS7-----A----";"chovali/chovat/VpMP----R-AAI-- ,/,/Z:------------- když/když/J,------------- jste/být/VB-P---2P-AAI-- zrovna/zrovna/Db------------- nemuseli/muset/VpMP----R-NAI-- na/na/RR--4---------- kameru/kamera/NNFS4-----A---- předstírat/předstírat/Vf--------A-I-- vášeň/vášeň/NNFS4-----A----";"?/?/Z:-------------"
"35";"Ať/ať/J,------------- byl/být/VpMS----R-AAI-- Ecclestone/Ecclestone/NNMS1-----A---- ,/,/Z:------------- jaký/jaký/P4MS1---------- chtěl/chtít/VpMS----R-AAI-- ,/,/Z:------------- vždy/vždy/Db-------------";"choval/chovat/VpMS----R-AAI-- ryzí/ryzí/AAFS4----1A---- vášeň/vášeň/NNFS4-----A----";"pro/pro/RR--4---------- motoristické/motoristický/AAIP4----1A---- závody/závod/NNIP4-----A---- a/a/J^------------- dal/dát/VpMS----R-AAP-- si/se/P7--3---------- za/za/RR--4---------- úkol/úkol/NNIS4-----A---- udržet/udržet/Vf--------A-P-- nad/nad/RR--7---------- vodou/voda/NNFS7-----A---- i/i/J^------------- týmy/tým/NNIP4-----A---- ,/,/Z:------------- které/který/P4IP1---------- nebyly/být/VpIP----R-NAI-- zrovna/zrovna/Db------------- na/na/RR--6---------- výsluní/výsluní/NNNS6-----A---- ././Z:-------------"
"36";"Ostatně/ostatně/TT------------- dobře/dobře/Dg-------1A---- víte/vědět/VB-P---2P-AAI-- ,/,/Z:------------- že/že/J,------------- Čapek/Čapek/NNMS1-----A----";"choval/chovat/VpMS----R-AAI-- vůči/vůči/RR--3---------- své/svůj/P8FS3---------1 mateřštině/mateřština/NNFS3-----A---- vášeň/vášeň/NNFS4-----A----";"a/a/J^------------- ve/v/RV--6---------- Chvále/chvála/NNFS6-----A---- řeči/řeč/NNFS2-----A---- české/český/AAFP4----1A---- o/o/RR--6---------- ní/on/P5FS6--3------- promluvil/promluvit/VpMS----R-AAP-- takto/takto/Db------------- :/:/Z:------------- ""/""/Z:------------- Chtěl/chtít/VpMS----R-AAI-- bych/být/Vc-S---1----I-- umět/umět/Vf--------A-I-- napsat/napsat/Vf--------A-P-- vše/všechen/PLNS4---------1 ,/,/Z:------------- co/co/PQ--4---------- dovedeš/dovést/VB-S---2P-AAI-- vyjádřit/vyjádřit/Vf--------A-P-- ;/;/Z:------------- chtěl/chtít/VpMS----R-AAI-- bych/být/Vc-S---1----I-- aspoň/aspoň/Db------------- jedinkrát/jedinkrát/Cv------------- využít/využít/Vf--------A-P-- všech/všechen/PLNP2---------- krásných/krásný/AANP2----1A---- ,/,/Z:------------- určitých/určitý/AANP2----1A---- ,/,/Z:------------- živoucích/živoucí/AANP2----1A---- slov/slovo/NNNP2-----A---- ,/,/Z:------------- která/který/P4NP1---------- jsou/být/VB-P---3P-AAI-- v/v/RR--6---------- tobě/ty/PP-S6--2------- ././Z:-------------"
"37";"Jsem/být/VB-S---1P-AAI-- optimista/optimista/NNMS1-----A---- ,/,/Z:------------- takže/takže/J,------------- jsem/být/VB-S---1P-AAI-- nakloněn/naklonit/VsMS------APP-- se/se/P7--4---------- domnívat/domnívat/Vf--------A-I-- ,/,/Z:------------- že/že/J,------------- lidé/člověk/NNMP1-----A---- ,/,/Z:------------- kteří/který/P4MP1---------- se/se/P7--4---------- v/v/RR--6---------- běžném/běžný/AAIS6----1A---- životě/život/NNIS6-----A----";"chovají/chovat/VB-P---3P-AAI-- normálně/normálně/Dg-------1A---- ,/,/Z:------------- používají/používat/VB-P---3P-AAI-- diskuse/diskuse/NNFP4-----A---- na/na/RR--6---------- sociálních/sociální/AAFP6----1A---- sítích/síť/NNFP6-----A---- jako/jako/J,------------- moderní/moderní/AAIS4----1A---- bordel/bordel/NNIS4-----A---- ,/,/Z:------------- kde/kde/Db------------- si/se/P7--3---------- lze/lze/Db------------- neškodně/neškodně/Dg-------1A---- vybít/vybít/Vf--------A-P-- temné/temný/AAFP4----1A---- vášně/vášeň/NNFP4-----A----";",/,/Z:------------- a/a/J^------------- pak/pak/Db------------- se/se/P7--4---------- vrátit/vrátit/Vf--------A-P-- ke/k/RV--3---------- spořádanému/spořádaný/AAIS3----1A---- životu/život/NNIS3-----A---- ././Z:-------------"
"38";"Ať/ať/J,------------- už/už/Db------------- byl/být/VpMS----R-AAI-- Nkoloso/Nkoloso/NNMS1-----A---- šílený/šílený/AAMS1----1A---- ,/,/Z:------------- či/či/J^------------- nikoliv/nikoliv/TT------------- ,/,/Z:------------- bývalí/bývalý/AAMP1----1A---- členové/člen/NNMP1-----A---- jeho/jeho/PSIS2-S3------- programu/program/NNIS2-----A---- i/i/J^------------- příbuzní/příbuzný/NNMP1-----A---- se/se/P7--4---------- shodují/shodovat/VB-P---3P-AAI-- ,/,/Z:------------- že/že/J,-------------";"choval/chovat/VpMS----R-AAI-- ohromnou/ohromný/AAFS4----1A---- vášeň/vášeň/NNFS4-----A----";"ke/ke/RV--3---------- vědě/věda/NNFS3-----A---- a/a/J^------------- objevování/objevování/NNNS3-----A---- světa/svět/NNIS2-----A---- ././Z:-------------"
"39";"Angličané/Angličan/NNMP1-----A---- trénují/trénovat/VB-P---3P-AAI-- v/v/RR--6---------- Opavě/Opava/NNFS6-----A---- už/už/Db------------- od/od/RR--2---------- neděle/neděle/NNFS2-----A---- a/a/J^------------- podle/podle/RR--2---------- Štěničky/štěnička/NNFS2-----A---- se/se/P7--4----------";"chovají/chovat/VB-P---3P-AAI-- sebevědomě/sebevědomě/Dg-------1A---- :/:/Z:------------- ""/""/Z:------------- Jejich/jejich/PSFP4-P3------- vášně/vášeň/NNFP4-----A----";"by/být/Vc----------I-- ale/ale/J^------------- mělo/mít/VpNS----R-AAI-- utlumit/utlumit/Vf--------A-P-- tradičně/tradičně/Dg-------1A---- vynikající/vynikající/AGNS1-----A---- publikum/publikum/NNNS1-----A---- ././Z:------------- ""/""/Z:-------------"
"40";"Hairspray/Hairspray/X@------------- Středoškolačka/středoškolačka/NNFS1-----A---- Tracey/Tracey/NNMS1-----A---- sice/sice/J^------------- narostla/narůst/VpFS----R-AAP-- do/do/RR--2---------- nebývalých/nebývalý/AAIP2----1A---- rozměrů/rozměr/NNIP2-----A---- ,/,/Z:------------- ale/ale/J^------------- i/i/J^------------- tak/tak/Db------------- ve/v/RV--6---------- svém/svůj/P8NS6---------- velkém/velký/AANS6----1A---- srdci/srdce/NNNS6-----A----";"chová/chovat/VB-S---3P-AAI-- pouze/pouze/Db------------- jednu/jeden/ClFS4---------- jedinou/jediný/AAFS4----1A---- vášeň/vášeň/NNFS4-----A----";"-/-/Z:------------- tanec/tanec/NNIS4-----A---- ././Z:-------------"
"41";"Každopádně/každopádně/Db------------- vím/vědět/VB-S---1P-AAI-- ,/,/Z:------------- že/že/J,------------- ten/ten/PDMS1---------- nenápadný/nápadný/AAMS1----1N---- pan/pán/NNMS1-----A---- účetní/účetní/NNMS1-----A----";"choval/chovat/VpMS----R-AAI-- vášeň/vášeň/NNFS4-----A----";"podstatně/podstatně/Dg-------1A---- silnější/silný/AAFS4----2A---- ././Z:-------------"
"42";"""/""/Z:------------- Tito/tento/PDMP1---------- včelaři/včelař/NNMP1-----A---- totiž/totiž/TT-------------";"chovají/chovat/VB-P---3P-AAI-- včely/včela/NNFP4-----A---- nejen/nejen/Db------------- jako/jako/J,------------- vášeň/vášeň/NNFS4-----A----";"nebo/nebo/J^------------- koníčka/koníček/NNMS4-----A---- ,/,/Z:------------- ale/ale/J^------------- řada/řada/NNFS1-----A---- z/z/RR--2---------- nich/oni/P5FP2--3------- se/se/P7--4---------- tím/ten/PDNS7---------- i/i/J^------------- živí/živit/VB-S---3P-AAI-- ,/,/Z:------------- ""/""/Z:------------- uvažoval/uvažovat/VpMS----R-AAI-- pražský/pražský/AAMS1----1A---- lékař/lékař/NNMS1-----A---- nad/nad/RR--7---------- sestavou/sestava/NNFS7-----A---- zhruba/zhruba/Db------------- stovky/stovka/NNFP4-----A---- účastníků/účastník/NNMP2-----A---- ././Z:-------------"
"43";"Pro/pro/RR--4---------- co/co/PQ--4----------";"chováte/chovat/VB-P---2P-AAI-- v/v/RR--6---------- životě/život/NNIS6-----A---- největší/velký/AAFS4----3A---- vášeň/vášeň/NNFS4-----A----";"?/?/Z:------------- –/-/Z:------------- Vše/všechen/PLNS4---------1 ,/,/Z:------------- co/co/PQ--4---------- dělám/dělat/VB-S---1P-AAI-- ráda/rád/ACFS------A---- ,/,/Z:------------- dělám/dělat/VB-S---1P-AAI-- s/s/RR--7---------- velkou/velký/AAFS7----1A---- vášní/vášeň/NNFS7-----A---- ././Z:-------------"
"44";"Vedle/vedle/RR--2---------- hudby/hudba/NNFS2-----A----";"choval/chovat/VpMS----R-AAI-- také/také/Db------------- velkou/velký/AAFS4----1A---- vášeň/vášeň/NNFS4-----A----";"k/k/RR--3---------- cyklistice/cyklistika/NNFS3-----A---- ././Z:-------------"
"45";"Nacionalisté/nacionalista/NNMP1-----A---- se/se/P7--4----------";"chovají/chovat/VB-P---3P-AAI-- spořádaně/spořádaně/Dg-------1A---- ,/,/Z:------------- nesnaží/snažit/VB-P---3P-NAI-- se/se/P7--4---------- vyvolávat/vyvolávat/Vf--------A-I-- žádné/žádný/PWFP4---------- vášně/vášeň/NNFP4-----A----";"././Z:-------------"
"46";"Tak/tak/TT------------- jsem/být/VB-S---1P-AAI-- s/s/RR--7---------- většími/velký/AAIP7----2A---- či/či/J^------------- menšími/malý/AAIP7----2A---- úspěchy/úspěch/NNIP7-----A---- chytal/chytat/VpMS----R-AAI-- a/a/J^-------------";"choval/chovat/VpMS----R-AAI-- slepýše/slepýš/NNMP4-----A---- ,/,/Z:------------- ještěrky/ještěrka/NNFP4-----A---- ,/,/Z:------------- žáby/žába/NNFP4-----A---- ,/,/Z:------------- brouky/brouk/NNMP4-----A---- a/a/J^------------- stonožky/stonožka/NNFP4-----A---- ,/,/Z:------------- “/""/Z:------------- popsal/popsat/VpMS----R-AAP-- svou/svůj/P8FS4---------1 vášeň/vášeň/NNFS4-----A----";"Maláč/Maláč/NNMS1-----A---- ././Z:-------------"
"47";"Pro/pro/RR--4---------- co/co/PQ--4----------";"chováte/chovat/VB-P---2P-AAI-- v/v/RR--6---------- životě/život/NNIS6-----A---- největší/velký/AAFS4----3A---- vášeň/vášeň/NNFS4-----A----";"?/?/Z:-------------"
"48";"Značka/značka/NNFS1-----A---- Wemove/Wemove/X@------------- navrhla/navrhnout/VpFS----R-AAP-1 kolekci/kolekce/NNFS4-----A---- oblečení/oblečení/NNNS2-----A---- přesně/přesně/Dg-------1A---- pro/pro/RR--4---------- ty/ten/PDMP4---------- ,/,/Z:------------- kteří/který/P4MP1----------";"chovají/chovat/VB-P---3P-AAI-- vášeň/vášeň/NNFS4-----A----";"k/k/RR--3---------- designu/design/NNIS3-----A---- a/a/J^------------- aktivnímu/aktivní/AAIS3----1A---- životnímu/životní/AAIS3----1A---- stylu/styl/NNIS3-----A---- ././Z:-------------"
"49";"Oba/oba/ClMP1---------- se/se/P7--4---------- snaží/snažit/VB-P---3P-AAI--";"chovat/chovat/Vf--------A-I-- ve/v/RV--6---------- společnosti/společnost/NNFS6-----A---- diskrétně/diskrétně/Dg-------1A---- ,/,/Z:------------- ale/ale/J^------------- když/když/J,------------- jsou/být/VB-P---3P-AAI-- jen/jen/Db------------- se/s/RV--7---------- svými/svůj/P8MP7---------- přáteli/přítel/NNMP7-----A---- ,/,/Z:------------- jen/jen/Db------------- těžko/těžko/Dg-------1A---- ovládají/ovládat/VB-P---3P-AAI-- svoje/svůj/P8FP4---------- vášně/vášeň/NNFP4-----A----";",/,/Z:------------- ""/""/Z:------------- řekl/říci/VpIS----R-AAP-- zdroj/zdroj/NNIS1-----A---- z/z/RR--2---------- okolí/okolí/NNNS2-----A---- páru/pár/NNIS2-----A---- ././Z:-------------"
"50";"Přeceňoval/přeceňovat/VpMS----R-AAI-- váhu/váha/NNFS4-----A---- Sovětského/sovětský/AAIS2----1A---- svazu/svaz/NNIS2-----A---- ,/,/Z:------------- vůči/vůči/RR--3---------- němuž/jenž/P9IS3---------- stále/stále/Dg-------1A----";"choval/chovat/VpMS----R-AAI-- respekt/respekt/NNIS4-----A---- ,/,/Z:------------- kritizoval/kritizovat/VpMS----R-AAI-- slovenské/slovenský/AAFP4----1A---- nacionální/nacionální/AAFP4----1A---- vášně/vášeň/NNFP4-----A----";"././Z:-------------"
"51";"Ostatně/ostatně/TT------------- dobře/dobře/Dg-------1A---- víte/vědět/VB-P---2P-AAI-- ,/,/Z:------------- že/že/J,------------- Čapek/Čapek/NNMS1-----A----";"choval/chovat/VpMS----R-AAI-- vůči/vůči/RR--3---------- své/svůj/P8FS3---------1 mateřštině/mateřština/NNFS3-----A---- vášeň/vášeň/NNFS4-----A----";"a/a/J^------------- ve/v/RV--6---------- Chvále/chvála/NNFS6-----A---- řeči/řeč/NNFS2-----A---- české/český/AAFP4----1A---- o/o/RR--6---------- ní/on/P5FS6--3------- promluvil/promluvit/VpMS----R-AAP-- takto/takto/Db------------- :/:/Z:------------- „/""/Z:------------- Chtěl/chtít/VpMS----R-AAI-- bych/být/Vc-S---1----I-- umět/umět/Vf--------A-I-- napsat/napsat/Vf--------A-P-- vše/všechen/PLNS4---------1 ,/,/Z:------------- co/co/PQ--4---------- dovedeš/dovést/VB-S---2P-AAI-- vyjádřit/vyjádřit/Vf--------A-P-- ;/;/Z:------------- chtěl/chtít/VpMS----R-AAI-- bych/být/Vc-S---1----I-- aspoň/aspoň/Db------------- jedinkrát/jedinkrát/Cv------------- všech/všechen/PLNP2---------- krásných/krásný/AANP2----1A---- ,/,/Z:------------- určitých/určitý/AANP2----1A---- ,/,/Z:------------- živoucích/živoucí/AANP2----1A---- slov/slovo/NNNP2-----A---- ,/,/Z:------------- která/který/P4NP1---------- jsou/být/VB-P---3P-AAI-- v/v/RR--6---------- tobě/ty/PP-S6--2------- ././Z:-------------"
"52";"Nutí/nutit/VB-S---3P-AAI-- ji/on/PPFS4--3------- to/ten/PDNS1----------";"chovat/chovat/Vf--------A-I-- se/se/P7--4---------- jinak/jinak/Db------------- než/než/J,------------- v/v/RR--6---------- teniskách/teniska/NNFP6-----A---- :/:/Z:------------- víc/hodně/Dg-------2A---- jako/jako/J,------------- dáma/dáma/NNFS1-----A---- ,/,/Z:------------- distingovaně/distingovaně/Dg-------1A---- ,/,/Z:------------- “/""/Z:------------- vysvětluje/vysvětlovat/VB-S---3P-AAI-- svou/svůj/P8FS4---------1 vášeň/vášeň/NNFS4-----A----";"pro/pro/RR--4---------- vysoké/vysoký/AAIP4----1A---- podpatky/podpatek/NNIP4-----A---- tanečnice/tanečnice/NNFS2-----A---- burlesky/burleska/NNFS2-----A---- Terézia/Terézia/NNFS1-----A---- Bělčáková/Bělčáková/NNFS1-----A---- ,/,/Z:------------- známá/známý/AAFS1----1A---- pod/pod/RR--7---------- uměleckým/umělecký/AANS7----1A---- jménem/jméno/NNNS7-----A---- Miss/miss/NNFS1-----A---- Cool/Cool/F%------------- Cat/Cat/F%------------- ././Z:-------------"
"53";"Pro/pro/RR--4---------- co/co/PQ--4----------";"chováte/chovat/VB-P---2P-AAI-- v/v/RR--6---------- životě/život/NNIS6-----A---- největší/velký/AAFS4----3A---- vášeň/vášeň/NNFS4-----A----";"?/?/Z:-------------"
"54";"Pro/pro/RR--4---------- co/co/PQ--4----------";"chováte/chovat/VB-P---2P-AAI-- v/v/RR--6---------- životě/život/NNIS6-----A---- největší/velký/AAFS4----3A---- vášeň/vášeň/NNFS4-----A----";"?/?/Z:-------------"
"55";"Snad/snad/TT------------- i/i/J^------------- proto/proto/Db------------- se/se/P7--4---------- Robin/Robin/NNMS1-----A----";"chová/chovat/VB-S---3P-AAI-- spíš/spíš/TT------------- jako/jako/J,------------- kluk/kluk/NNMS1-----A---- než/než/J,------------- jako/jako/J,------------- holka/holka/NNFS1-----A---- ,/,/Z:------------- přátelí/přátelit/VB-S---3P-AAI-- se/se/P7--4---------- pouze/pouze/Db------------- s/s/RR--7---------- několika/několik/Ca--7---------- spolužáky/spolužák/NNMP7-----A---- a/a/J^------------- s/s/RR--7---------- nimi/oni/P5MP7--3------- sdílí/sdílet/VB-S---3P-AAI-- jednu/jeden/ClFS4---------- velkou/velký/AAFS4----1A---- vášeň/vášeň/NNFS4-----A----";"-/-/Z:------------- hiphopový/hiphopový/AAIS4----1A---- tanec/tanec/NNIS4-----A---- ././Z:-------------"
"56";"Ve/v/RV--6---------- Velké/velký/AAFS6----1A---- Británii/Británie/NNFS6-----A---- se/se/P7--4---------- teď/teď/Db------------- stala/stát/VpFS----R-AAP-- bestsellerem/bestseller/NNIS7-----A---- kniha/kniha/NNFS1-----A---- »/""/Z:-------------";"Chovejte/chovat/Vi-P---2--A-I-- se/se/P7--4---------- k/k/RR--3---------- nim/oni/P5MP3--3------- drze/drze/Dg-------1A---- a/a/J^------------- přiživujte/přiživovat/Vi-P---2--A-I-- jejich/jejich/PSFS4-P3------- vášeň/vášeň/NNFS4-----A----";"«/""/Z:------------- ././Z:-------------"
"57";"Takže/takže/J,------------- by/být/Vc----------I-- se/se/P7--4---------- seznámili/seznámit/VpMP----R-AAP-- se/s/RV--7---------- základy/základ/NNIP7-----A---- politologie/politologie/NNFS2-----A---- ,/,/Z:------------- diplomacie/diplomacie/NNFS2-----A---- ,/,/Z:------------- světové/světový/AAFS2----1A---- politiky/politika/NNFS2-----A---- ,/,/Z:------------- demografie/demografie/NNFS2-----A---- ,/,/Z:------------- ale/ale/J^------------- měli/mít/VpMP----R-AAI-- by/být/Vc----------I-- i/i/J^------------- praktická/praktický/AANP4----1A---- cvičení/cvičení/NNNP4-----A---- ,/,/Z:------------- jak/jak/Db------------- se/se/P7--4----------";"chovat/chovat/Vf--------A-I-- v/v/RR--6---------- krizových/krizový/AAFP6----1A---- situacích/situace/NNFP6-----A---- ,/,/Z:------------- jak/jak/Db------------- zvládat/zvládat/Vf--------A-I-- stres/stres/NNIS4-----A---- a/a/J^------------- svoje/svůj/P8FP4---------- vášně/vášeň/NNFP4-----A----";"././Z:-------------"
"58";"";"Chovat/chovat/Vf--------A-I-- v/v/RR--6---------- jezírku/jezírko/NNNS6-----A---- vlastní/vlastní/AAFP4----1A---- rybky/rybka/NNFS2-----A---- ,/,/Z:------------- mnohem/mnohem/Db------------- větší/velký/AAFP4----2A---- ,/,/Z:------------- než/než/J,------------- jsou/být/VB-P---3P-AAI-- v/v/RR--6---------- akváriu/akvárium/NNNS6-----A---- ,/,/Z:------------- je/být/VB-S---3P-AAI-- jednak/jednak/J^------------- v/v/RR--6---------- módě/móda/NNFS6-----A---- a/a/J^------------- jednak/jednak/J^------------- se/se/P7--4---------- tato/tento/PDFS1---------- záliba/záliba/NNFS1-----A---- snadno/snadno/Dg-------1A---- změní/změnit/VB-S---3P-AAP-- v/v/RR--4---------- chovatelskou/chovatelský/AAFS4----1A---- vášeň/vášeň/NNFS4-----A----";"././Z:-------------"
"59";"Král/král/NNMS1-----A---- skifařů/skifař/NNMP2-----A----";"chová/chovat/VB-S---3P-AAI-- v/v/RR--6---------- srdci/srdce/NNNS6-----A---- pro/pro/RR--4---------- tuhle/tenhle/PDFS4---------- značku/značka/NNFS4-----A---- velkou/velký/AAFS4----1A---- vášeň/vášeň/NNFS4-----A----";"a/a/J^------------- ještě/ještě/Db------------- radši/rád/Dg-------2A---1 než/než/J,------------- angličáky/angličák/NNIP4-----A---- má/mít/VB-S---3P-AAI-- opravdová/opravdový/AANP4----1A---- auta/auto/NNNP4-----A---- ././Z:-------------"
